,query,answer
0,[w:0-10][@you:call_you][w:0-10]毕业[w:0-10]大学[w:0-10],我是从首尔艺术大学毕业的，李准基，车太贤他们都是我的校友哦。
1,[w:0-10][@you:call_you][w:0-10]大学[w:0-10]毕业[w:0-10],我是从首尔艺术大学毕业的，李准基，车太贤他们都是我的校友哦。
2,[w:0-10]毕业[w:0-10][@you:call_you][w:0-10]大学[w:0-10],我是从首尔艺术大学毕业的，李准基，车太贤他们都是我的校友哦。
3,[w:0-10]毕业[w:0-10]大学[w:0-10][@you:call_you][w:0-10],我是从首尔艺术大学毕业的，李准基，车太贤他们都是我的校友哦。
4,[w:0-10]大学[w:0-10][@you:call_you][w:0-10]毕业[w:0-10],我是从首尔艺术大学毕业的，李准基，车太贤他们都是我的校友哦。
5,[w:0-10]大学[w:0-10]毕业[w:0-10][@you:call_you][w:0-10],我是从首尔艺术大学毕业的，李准基，车太贤他们都是我的校友哦。
6,[w:0-10]我[w:0-10]喊[@you:call_you][w:0-10]什么[w:0-10],"你叫我鹿晗就好，说“hi,鹿晗”就能把我唤醒"
7,[w:0-10]我[w:0-10]什么[w:0-10]喊[@you:call_you][w:0-10],"你叫我鹿晗就好，说“hi,鹿晗”就能把我唤醒"
8,[w:0-10]喊[@you:call_you][w:0-10]我[w:0-10]什么[w:0-10],"你叫我鹿晗就好，说“hi,鹿晗”就能把我唤醒"
9,[w:0-10]喊[@you:call_you][w:0-10]什么[w:0-10]我[w:0-10],"你叫我鹿晗就好，说“hi,鹿晗”就能把我唤醒"
10,[w:0-10]什么[w:0-10]我[w:0-10]喊[@you:call_you][w:0-10],"你叫我鹿晗就好，说“hi,鹿晗”就能把我唤醒"
11,[w:0-10]什么[w:0-10]喊[@you:call_you][w:0-10]我[w:0-10],"你叫我鹿晗就好，说“hi,鹿晗”就能把我唤醒"
12,[w:0-10]我[w:0-10]喊[@you:call_you][w:0-10]怎么[w:0-10],"你叫我鹿晗就好，说“hi,鹿晗”就能把我唤醒"
13,[w:0-10]我[w:0-10]怎么[w:0-10]喊[@you:call_you][w:0-10],"你叫我鹿晗就好，说“hi,鹿晗”就能把我唤醒"
14,[w:0-10]喊[@you:call_you][w:0-10]我[w:0-10]怎么[w:0-10],"你叫我鹿晗就好，说“hi,鹿晗”就能把我唤醒"
15,[w:0-10]喊[@you:call_you][w:0-10]怎么[w:0-10]我[w:0-10],"你叫我鹿晗就好，说“hi,鹿晗”就能把我唤醒"
16,[w:0-10]怎么[w:0-10]我[w:0-10]喊[@you:call_you][w:0-10],"你叫我鹿晗就好，说“hi,鹿晗”就能把我唤醒"
17,[w:0-10]怎么[w:0-10]喊[@you:call_you][w:0-10]我[w:0-10],"你叫我鹿晗就好，说“hi,鹿晗”就能把我唤醒"
18,[w:0-10]我[w:0-10]喊[@you:call_you][w:0-10]怎样[w:0-10],"你叫我鹿晗就好，说“hi,鹿晗”就能把我唤醒"
19,[w:0-10]我[w:0-10]怎样[w:0-10]喊[@you:call_you][w:0-10],"你叫我鹿晗就好，说“hi,鹿晗”就能把我唤醒"
20,[w:0-10]喊[@you:call_you][w:0-10]我[w:0-10]怎样[w:0-10],"你叫我鹿晗就好，说“hi,鹿晗”就能把我唤醒"
21,[w:0-10]喊[@you:call_you][w:0-10]怎样[w:0-10]我[w:0-10],"你叫我鹿晗就好，说“hi,鹿晗”就能把我唤醒"
22,[w:0-10]怎样[w:0-10]我[w:0-10]喊[@you:call_you][w:0-10],"你叫我鹿晗就好，说“hi,鹿晗”就能把我唤醒"
23,[w:0-10]怎样[w:0-10]喊[@you:call_you][w:0-10]我[w:0-10],"你叫我鹿晗就好，说“hi,鹿晗”就能把我唤醒"
24,[w:0-10]我[w:0-10]叫[@you:call_you][w:0-10]什么[w:0-10],"你叫我鹿晗就好，说“hi,鹿晗”就能把我唤醒"
25,[w:0-10]我[w:0-10]什么[w:0-10]叫[@you:call_you][w:0-10],"你叫我鹿晗就好，说“hi,鹿晗”就能把我唤醒"
26,[w:0-10]叫[@you:call_you][w:0-10]我[w:0-10]什么[w:0-10],"你叫我鹿晗就好，说“hi,鹿晗”就能把我唤醒"
27,[w:0-10]叫[@you:call_you][w:0-10]什么[w:0-10]我[w:0-10],"你叫我鹿晗就好，说“hi,鹿晗”就能把我唤醒"
28,[w:0-10]什么[w:0-10]我[w:0-10]叫[@you:call_you][w:0-10],"你叫我鹿晗就好，说“hi,鹿晗”就能把我唤醒"
29,[w:0-10]什么[w:0-10]叫[@you:call_you][w:0-10]我[w:0-10],"你叫我鹿晗就好，说“hi,鹿晗”就能把我唤醒"
30,[w:0-10]我[w:0-10]叫[@you:call_you][w:0-10]怎么[w:0-10],"你叫我鹿晗就好，说“hi,鹿晗”就能把我唤醒"
31,[w:0-10]我[w:0-10]怎么[w:0-10]叫[@you:call_you][w:0-10],"你叫我鹿晗就好，说“hi,鹿晗”就能把我唤醒"
32,[w:0-10]叫[@you:call_you][w:0-10]我[w:0-10]怎么[w:0-10],"你叫我鹿晗就好，说“hi,鹿晗”就能把我唤醒"
33,[w:0-10]叫[@you:call_you][w:0-10]怎么[w:0-10]我[w:0-10],"你叫我鹿晗就好，说“hi,鹿晗”就能把我唤醒"
34,[w:0-10]怎么[w:0-10]我[w:0-10]叫[@you:call_you][w:0-10],"你叫我鹿晗就好，说“hi,鹿晗”就能把我唤醒"
35,[w:0-10]怎么[w:0-10]叫[@you:call_you][w:0-10]我[w:0-10],"你叫我鹿晗就好，说“hi,鹿晗”就能把我唤醒"
36,[w:0-10]我[w:0-10]叫[@you:call_you][w:0-10]怎样[w:0-10],"你叫我鹿晗就好，说“hi,鹿晗”就能把我唤醒"
37,[w:0-10]我[w:0-10]怎样[w:0-10]叫[@you:call_you][w:0-10],"你叫我鹿晗就好，说“hi,鹿晗”就能把我唤醒"
38,[w:0-10]叫[@you:call_you][w:0-10]我[w:0-10]怎样[w:0-10],"你叫我鹿晗就好，说“hi,鹿晗”就能把我唤醒"
39,[w:0-10]叫[@you:call_you][w:0-10]怎样[w:0-10]我[w:0-10],"你叫我鹿晗就好，说“hi,鹿晗”就能把我唤醒"
40,[w:0-10]怎样[w:0-10]我[w:0-10]叫[@you:call_you][w:0-10],"你叫我鹿晗就好，说“hi,鹿晗”就能把我唤醒"
41,[w:0-10]怎样[w:0-10]叫[@you:call_you][w:0-10]我[w:0-10],"你叫我鹿晗就好，说“hi,鹿晗”就能把我唤醒"
42,[w:0-10]我[w:0-10]称呼[@you:call_you][w:0-10]什么[w:0-10],"你叫我鹿晗就好，说“hi,鹿晗”就能把我唤醒"
43,[w:0-10]我[w:0-10]什么[w:0-10]称呼[@you:call_you][w:0-10],"你叫我鹿晗就好，说“hi,鹿晗”就能把我唤醒"
44,[w:0-10]称呼[@you:call_you][w:0-10]我[w:0-10]什么[w:0-10],"你叫我鹿晗就好，说“hi,鹿晗”就能把我唤醒"
45,[w:0-10]称呼[@you:call_you][w:0-10]什么[w:0-10]我[w:0-10],"你叫我鹿晗就好，说“hi,鹿晗”就能把我唤醒"
46,[w:0-10]什么[w:0-10]我[w:0-10]称呼[@you:call_you][w:0-10],"你叫我鹿晗就好，说“hi,鹿晗”就能把我唤醒"
47,[w:0-10]什么[w:0-10]称呼[@you:call_you][w:0-10]我[w:0-10],"你叫我鹿晗就好，说“hi,鹿晗”就能把我唤醒"
48,[w:0-10]我[w:0-10]称呼[@you:call_you][w:0-10]怎么[w:0-10],"你叫我鹿晗就好，说“hi,鹿晗”就能把我唤醒"
49,[w:0-10]我[w:0-10]怎么[w:0-10]称呼[@you:call_you][w:0-10],"你叫我鹿晗就好，说“hi,鹿晗”就能把我唤醒"
50,[w:0-10]称呼[@you:call_you][w:0-10]我[w:0-10]怎么[w:0-10],"你叫我鹿晗就好，说“hi,鹿晗”就能把我唤醒"
51,[w:0-10]称呼[@you:call_you][w:0-10]怎么[w:0-10]我[w:0-10],"你叫我鹿晗就好，说“hi,鹿晗”就能把我唤醒"
52,[w:0-10]怎么[w:0-10]我[w:0-10]称呼[@you:call_you][w:0-10],"你叫我鹿晗就好，说“hi,鹿晗”就能把我唤醒"
53,[w:0-10]怎么[w:0-10]称呼[@you:call_you][w:0-10]我[w:0-10],"你叫我鹿晗就好，说“hi,鹿晗”就能把我唤醒"
54,[w:0-10]我[w:0-10]称呼[@you:call_you][w:0-10]怎样[w:0-10],"你叫我鹿晗就好，说“hi,鹿晗”就能把我唤醒"
55,[w:0-10]我[w:0-10]怎样[w:0-10]称呼[@you:call_you][w:0-10],"你叫我鹿晗就好，说“hi,鹿晗”就能把我唤醒"
56,[w:0-10]称呼[@you:call_you][w:0-10]我[w:0-10]怎样[w:0-10],"你叫我鹿晗就好，说“hi,鹿晗”就能把我唤醒"
57,[w:0-10]称呼[@you:call_you][w:0-10]怎样[w:0-10]我[w:0-10],"你叫我鹿晗就好，说“hi,鹿晗”就能把我唤醒"
58,[w:0-10]怎样[w:0-10]我[w:0-10]称呼[@you:call_you][w:0-10],"你叫我鹿晗就好，说“hi,鹿晗”就能把我唤醒"
59,[w:0-10]怎样[w:0-10]称呼[@you:call_you][w:0-10]我[w:0-10],"你叫我鹿晗就好，说“hi,鹿晗”就能把我唤醒"
60,[w:0-10][@you:call_you][w:0-10]名字[w:0-10]是[w:0-10],"你叫我鹿晗就好，说“hi,鹿晗”就能把我唤醒"
61,[w:0-10][@you:call_you][w:0-10]是[w:0-10]名字[w:0-10],"你叫我鹿晗就好，说“hi,鹿晗”就能把我唤醒"
62,[w:0-10]名字[w:0-10][@you:call_you][w:0-10]是[w:0-10],"你叫我鹿晗就好，说“hi,鹿晗”就能把我唤醒"
63,[w:0-10]名字[w:0-10]是[w:0-10][@you:call_you][w:0-10],"你叫我鹿晗就好，说“hi,鹿晗”就能把我唤醒"
64,[w:0-10]是[w:0-10][@you:call_you][w:0-10]名字[w:0-10],"你叫我鹿晗就好，说“hi,鹿晗”就能把我唤醒"
65,[w:0-10]是[w:0-10]名字[w:0-10][@you:call_you][w:0-10],"你叫我鹿晗就好，说“hi,鹿晗”就能把我唤醒"
66,[w:0-10]hi[w:0-10]鹿晗[w:0-10],hi，我在。
67,[w:0-10]鹿晗[w:0-10]hi[w:0-10],hi，我在。
68,[w:0-10][@you:call_you][w:0-10]出生[w:0-10]哪[w:0-10],我是在北京海淀区出生的
69,[w:0-10][@you:call_you][w:0-10]哪[w:0-10]出生[w:0-10],我是在北京海淀区出生的
70,[w:0-10]出生[w:0-10][@you:call_you][w:0-10]哪[w:0-10],我是在北京海淀区出生的
71,[w:0-10]出生[w:0-10]哪[w:0-10][@you:call_you][w:0-10],我是在北京海淀区出生的
72,[w:0-10]哪[w:0-10][@you:call_you][w:0-10]出生[w:0-10],我是在北京海淀区出生的
73,[w:0-10]哪[w:0-10]出生[w:0-10][@you:call_you][w:0-10],我是在北京海淀区出生的
74,[w:0-10][@you:call_you][w:0-10]出生[w:0-10]什么地方[w:0-10],我是在北京海淀区出生的
75,[w:0-10][@you:call_you][w:0-10]什么地方[w:0-10]出生[w:0-10],我是在北京海淀区出生的
76,[w:0-10]出生[w:0-10][@you:call_you][w:0-10]什么地方[w:0-10],我是在北京海淀区出生的
77,[w:0-10]出生[w:0-10]什么地方[w:0-10][@you:call_you][w:0-10],我是在北京海淀区出生的
78,[w:0-10]什么地方[w:0-10][@you:call_you][w:0-10]出生[w:0-10],我是在北京海淀区出生的
79,[w:0-10]什么地方[w:0-10]出生[w:0-10][@you:call_you][w:0-10],我是在北京海淀区出生的
80,[w:0-10][@you:call_you][w:0-10]出生[w:0-10]什么城市[w:0-10],我是在北京海淀区出生的
81,[w:0-10][@you:call_you][w:0-10]什么城市[w:0-10]出生[w:0-10],我是在北京海淀区出生的
82,[w:0-10]出生[w:0-10][@you:call_you][w:0-10]什么城市[w:0-10],我是在北京海淀区出生的
83,[w:0-10]出生[w:0-10]什么城市[w:0-10][@you:call_you][w:0-10],我是在北京海淀区出生的
84,[w:0-10]什么城市[w:0-10][@you:call_you][w:0-10]出生[w:0-10],我是在北京海淀区出生的
85,[w:0-10]什么城市[w:0-10]出生[w:0-10][@you:call_you][w:0-10],我是在北京海淀区出生的
86,[w:0-10][@you:call_you][w:0-10]生在[w:0-10]哪[w:0-10],我是在北京海淀区出生的
87,[w:0-10][@you:call_you][w:0-10]哪[w:0-10]生在[w:0-10],我是在北京海淀区出生的
88,[w:0-10]生在[w:0-10][@you:call_you][w:0-10]哪[w:0-10],我是在北京海淀区出生的
89,[w:0-10]生在[w:0-10]哪[w:0-10][@you:call_you][w:0-10],我是在北京海淀区出生的
90,[w:0-10]哪[w:0-10][@you:call_you][w:0-10]生在[w:0-10],我是在北京海淀区出生的
91,[w:0-10]哪[w:0-10]生在[w:0-10][@you:call_you][w:0-10],我是在北京海淀区出生的
92,[w:0-10][@you:call_you][w:0-10]生在[w:0-10]什么地方[w:0-10],我是在北京海淀区出生的
93,[w:0-10][@you:call_you][w:0-10]什么地方[w:0-10]生在[w:0-10],我是在北京海淀区出生的
94,[w:0-10]生在[w:0-10][@you:call_you][w:0-10]什么地方[w:0-10],我是在北京海淀区出生的
95,[w:0-10]生在[w:0-10]什么地方[w:0-10][@you:call_you][w:0-10],我是在北京海淀区出生的
96,[w:0-10]什么地方[w:0-10][@you:call_you][w:0-10]生在[w:0-10],我是在北京海淀区出生的
97,[w:0-10]什么地方[w:0-10]生在[w:0-10][@you:call_you][w:0-10],我是在北京海淀区出生的
98,[w:0-10][@you:call_you][w:0-10]生在[w:0-10]什么城市[w:0-10],我是在北京海淀区出生的
99,[w:0-10][@you:call_you][w:0-10]什么城市[w:0-10]生在[w:0-10],我是在北京海淀区出生的
100,[w:0-10]生在[w:0-10][@you:call_you][w:0-10]什么城市[w:0-10],我是在北京海淀区出生的
101,[w:0-10]生在[w:0-10]什么城市[w:0-10][@you:call_you][w:0-10],我是在北京海淀区出生的
102,[w:0-10]什么城市[w:0-10][@you:call_you][w:0-10]生在[w:0-10],我是在北京海淀区出生的
103,[w:0-10]什么城市[w:0-10]生在[w:0-10][@you:call_you][w:0-10],我是在北京海淀区出生的
104,[w:0-10][@you:call_you][w:0-10]时候[w:0-10]生日[w:0-10]什么[w:0-10],1990年4月20号是我的生日，白羊座
105,[w:0-10][@you:call_you][w:0-10]时候[w:0-10]什么[w:0-10]生日[w:0-10],1990年4月20号是我的生日，白羊座
106,[w:0-10][@you:call_you][w:0-10]生日[w:0-10]时候[w:0-10]什么[w:0-10],1990年4月20号是我的生日，白羊座
107,[w:0-10][@you:call_you][w:0-10]生日[w:0-10]什么[w:0-10]时候[w:0-10],1990年4月20号是我的生日，白羊座
108,[w:0-10][@you:call_you][w:0-10]什么[w:0-10]时候[w:0-10]生日[w:0-10],1990年4月20号是我的生日，白羊座
109,[w:0-10][@you:call_you][w:0-10]什么[w:0-10]生日[w:0-10]时候[w:0-10],1990年4月20号是我的生日，白羊座
110,[w:0-10]时候[w:0-10][@you:call_you][w:0-10]生日[w:0-10]什么[w:0-10],1990年4月20号是我的生日，白羊座
111,[w:0-10]时候[w:0-10][@you:call_you][w:0-10]什么[w:0-10]生日[w:0-10],1990年4月20号是我的生日，白羊座
112,[w:0-10]时候[w:0-10]生日[w:0-10][@you:call_you][w:0-10]什么[w:0-10],1990年4月20号是我的生日，白羊座
113,[w:0-10]时候[w:0-10]生日[w:0-10]什么[w:0-10][@you:call_you][w:0-10],1990年4月20号是我的生日，白羊座
114,[w:0-10]时候[w:0-10]什么[w:0-10][@you:call_you][w:0-10]生日[w:0-10],1990年4月20号是我的生日，白羊座
115,[w:0-10]时候[w:0-10]什么[w:0-10]生日[w:0-10][@you:call_you][w:0-10],1990年4月20号是我的生日，白羊座
116,[w:0-10]生日[w:0-10][@you:call_you][w:0-10]时候[w:0-10]什么[w:0-10],1990年4月20号是我的生日，白羊座
117,[w:0-10]生日[w:0-10][@you:call_you][w:0-10]什么[w:0-10]时候[w:0-10],1990年4月20号是我的生日，白羊座
118,[w:0-10]生日[w:0-10]时候[w:0-10][@you:call_you][w:0-10]什么[w:0-10],1990年4月20号是我的生日，白羊座
119,[w:0-10]生日[w:0-10]时候[w:0-10]什么[w:0-10][@you:call_you][w:0-10],1990年4月20号是我的生日，白羊座
120,[w:0-10]生日[w:0-10]什么[w:0-10][@you:call_you][w:0-10]时候[w:0-10],1990年4月20号是我的生日，白羊座
121,[w:0-10]生日[w:0-10]什么[w:0-10]时候[w:0-10][@you:call_you][w:0-10],1990年4月20号是我的生日，白羊座
122,[w:0-10]什么[w:0-10][@you:call_you][w:0-10]时候[w:0-10]生日[w:0-10],1990年4月20号是我的生日，白羊座
123,[w:0-10]什么[w:0-10][@you:call_you][w:0-10]生日[w:0-10]时候[w:0-10],1990年4月20号是我的生日，白羊座
124,[w:0-10]什么[w:0-10]时候[w:0-10][@you:call_you][w:0-10]生日[w:0-10],1990年4月20号是我的生日，白羊座
125,[w:0-10]什么[w:0-10]时候[w:0-10]生日[w:0-10][@you:call_you][w:0-10],1990年4月20号是我的生日，白羊座
126,[w:0-10]什么[w:0-10]生日[w:0-10][@you:call_you][w:0-10]时候[w:0-10],1990年4月20号是我的生日，白羊座
127,[w:0-10]什么[w:0-10]生日[w:0-10]时候[w:0-10][@you:call_you][w:0-10],1990年4月20号是我的生日，白羊座
128,[w:0-10][@you:call_you][w:0-10]时候[w:0-10]生日[w:0-10]哪个[w:0-10],1990年4月20号是我的生日，白羊座
129,[w:0-10][@you:call_you][w:0-10]时候[w:0-10]哪个[w:0-10]生日[w:0-10],1990年4月20号是我的生日，白羊座
130,[w:0-10][@you:call_you][w:0-10]生日[w:0-10]时候[w:0-10]哪个[w:0-10],1990年4月20号是我的生日，白羊座
131,[w:0-10][@you:call_you][w:0-10]生日[w:0-10]哪个[w:0-10]时候[w:0-10],1990年4月20号是我的生日，白羊座
132,[w:0-10][@you:call_you][w:0-10]哪个[w:0-10]时候[w:0-10]生日[w:0-10],1990年4月20号是我的生日，白羊座
133,[w:0-10][@you:call_you][w:0-10]哪个[w:0-10]生日[w:0-10]时候[w:0-10],1990年4月20号是我的生日，白羊座
134,[w:0-10]时候[w:0-10][@you:call_you][w:0-10]生日[w:0-10]哪个[w:0-10],1990年4月20号是我的生日，白羊座
135,[w:0-10]时候[w:0-10][@you:call_you][w:0-10]哪个[w:0-10]生日[w:0-10],1990年4月20号是我的生日，白羊座
136,[w:0-10]时候[w:0-10]生日[w:0-10][@you:call_you][w:0-10]哪个[w:0-10],1990年4月20号是我的生日，白羊座
137,[w:0-10]时候[w:0-10]生日[w:0-10]哪个[w:0-10][@you:call_you][w:0-10],1990年4月20号是我的生日，白羊座
138,[w:0-10]时候[w:0-10]哪个[w:0-10][@you:call_you][w:0-10]生日[w:0-10],1990年4月20号是我的生日，白羊座
139,[w:0-10]时候[w:0-10]哪个[w:0-10]生日[w:0-10][@you:call_you][w:0-10],1990年4月20号是我的生日，白羊座
140,[w:0-10]生日[w:0-10][@you:call_you][w:0-10]时候[w:0-10]哪个[w:0-10],1990年4月20号是我的生日，白羊座
141,[w:0-10]生日[w:0-10][@you:call_you][w:0-10]哪个[w:0-10]时候[w:0-10],1990年4月20号是我的生日，白羊座
142,[w:0-10]生日[w:0-10]时候[w:0-10][@you:call_you][w:0-10]哪个[w:0-10],1990年4月20号是我的生日，白羊座
143,[w:0-10]生日[w:0-10]时候[w:0-10]哪个[w:0-10][@you:call_you][w:0-10],1990年4月20号是我的生日，白羊座
144,[w:0-10]生日[w:0-10]哪个[w:0-10][@you:call_you][w:0-10]时候[w:0-10],1990年4月20号是我的生日，白羊座
145,[w:0-10]生日[w:0-10]哪个[w:0-10]时候[w:0-10][@you:call_you][w:0-10],1990年4月20号是我的生日，白羊座
146,[w:0-10]哪个[w:0-10][@you:call_you][w:0-10]时候[w:0-10]生日[w:0-10],1990年4月20号是我的生日，白羊座
147,[w:0-10]哪个[w:0-10][@you:call_you][w:0-10]生日[w:0-10]时候[w:0-10],1990年4月20号是我的生日，白羊座
148,[w:0-10]哪个[w:0-10]时候[w:0-10][@you:call_you][w:0-10]生日[w:0-10],1990年4月20号是我的生日，白羊座
149,[w:0-10]哪个[w:0-10]时候[w:0-10]生日[w:0-10][@you:call_you][w:0-10],1990年4月20号是我的生日，白羊座
150,[w:0-10]哪个[w:0-10]生日[w:0-10][@you:call_you][w:0-10]时候[w:0-10],1990年4月20号是我的生日，白羊座
151,[w:0-10]哪个[w:0-10]生日[w:0-10]时候[w:0-10][@you:call_you][w:0-10],1990年4月20号是我的生日，白羊座
152,[w:0-10][@you:call_you][w:0-10]时候[w:0-10]出生[w:0-10]什么[w:0-10],1990年4月20号是我的生日，白羊座
153,[w:0-10][@you:call_you][w:0-10]时候[w:0-10]什么[w:0-10]出生[w:0-10],1990年4月20号是我的生日，白羊座
154,[w:0-10][@you:call_you][w:0-10]出生[w:0-10]时候[w:0-10]什么[w:0-10],1990年4月20号是我的生日，白羊座
155,[w:0-10][@you:call_you][w:0-10]出生[w:0-10]什么[w:0-10]时候[w:0-10],1990年4月20号是我的生日，白羊座
156,[w:0-10][@you:call_you][w:0-10]什么[w:0-10]时候[w:0-10]出生[w:0-10],1990年4月20号是我的生日，白羊座
157,[w:0-10][@you:call_you][w:0-10]什么[w:0-10]出生[w:0-10]时候[w:0-10],1990年4月20号是我的生日，白羊座
158,[w:0-10]时候[w:0-10][@you:call_you][w:0-10]出生[w:0-10]什么[w:0-10],1990年4月20号是我的生日，白羊座
159,[w:0-10]时候[w:0-10][@you:call_you][w:0-10]什么[w:0-10]出生[w:0-10],1990年4月20号是我的生日，白羊座
160,[w:0-10]时候[w:0-10]出生[w:0-10][@you:call_you][w:0-10]什么[w:0-10],1990年4月20号是我的生日，白羊座
161,[w:0-10]时候[w:0-10]出生[w:0-10]什么[w:0-10][@you:call_you][w:0-10],1990年4月20号是我的生日，白羊座
162,[w:0-10]时候[w:0-10]什么[w:0-10][@you:call_you][w:0-10]出生[w:0-10],1990年4月20号是我的生日，白羊座
163,[w:0-10]时候[w:0-10]什么[w:0-10]出生[w:0-10][@you:call_you][w:0-10],1990年4月20号是我的生日，白羊座
164,[w:0-10]出生[w:0-10][@you:call_you][w:0-10]时候[w:0-10]什么[w:0-10],1990年4月20号是我的生日，白羊座
165,[w:0-10]出生[w:0-10][@you:call_you][w:0-10]什么[w:0-10]时候[w:0-10],1990年4月20号是我的生日，白羊座
166,[w:0-10]出生[w:0-10]时候[w:0-10][@you:call_you][w:0-10]什么[w:0-10],1990年4月20号是我的生日，白羊座
167,[w:0-10]出生[w:0-10]时候[w:0-10]什么[w:0-10][@you:call_you][w:0-10],1990年4月20号是我的生日，白羊座
168,[w:0-10]出生[w:0-10]什么[w:0-10][@you:call_you][w:0-10]时候[w:0-10],1990年4月20号是我的生日，白羊座
169,[w:0-10]出生[w:0-10]什么[w:0-10]时候[w:0-10][@you:call_you][w:0-10],1990年4月20号是我的生日，白羊座
170,[w:0-10]什么[w:0-10][@you:call_you][w:0-10]时候[w:0-10]出生[w:0-10],1990年4月20号是我的生日，白羊座
171,[w:0-10]什么[w:0-10][@you:call_you][w:0-10]出生[w:0-10]时候[w:0-10],1990年4月20号是我的生日，白羊座
172,[w:0-10]什么[w:0-10]时候[w:0-10][@you:call_you][w:0-10]出生[w:0-10],1990年4月20号是我的生日，白羊座
173,[w:0-10]什么[w:0-10]时候[w:0-10]出生[w:0-10][@you:call_you][w:0-10],1990年4月20号是我的生日，白羊座
174,[w:0-10]什么[w:0-10]出生[w:0-10][@you:call_you][w:0-10]时候[w:0-10],1990年4月20号是我的生日，白羊座
175,[w:0-10]什么[w:0-10]出生[w:0-10]时候[w:0-10][@you:call_you][w:0-10],1990年4月20号是我的生日，白羊座
176,[w:0-10][@you:call_you][w:0-10]时候[w:0-10]出生[w:0-10]哪个[w:0-10],1990年4月20号是我的生日，白羊座
177,[w:0-10][@you:call_you][w:0-10]时候[w:0-10]哪个[w:0-10]出生[w:0-10],1990年4月20号是我的生日，白羊座
178,[w:0-10][@you:call_you][w:0-10]出生[w:0-10]时候[w:0-10]哪个[w:0-10],1990年4月20号是我的生日，白羊座
179,[w:0-10][@you:call_you][w:0-10]出生[w:0-10]哪个[w:0-10]时候[w:0-10],1990年4月20号是我的生日，白羊座
180,[w:0-10][@you:call_you][w:0-10]哪个[w:0-10]时候[w:0-10]出生[w:0-10],1990年4月20号是我的生日，白羊座
181,[w:0-10][@you:call_you][w:0-10]哪个[w:0-10]出生[w:0-10]时候[w:0-10],1990年4月20号是我的生日，白羊座
182,[w:0-10]时候[w:0-10][@you:call_you][w:0-10]出生[w:0-10]哪个[w:0-10],1990年4月20号是我的生日，白羊座
183,[w:0-10]时候[w:0-10][@you:call_you][w:0-10]哪个[w:0-10]出生[w:0-10],1990年4月20号是我的生日，白羊座
184,[w:0-10]时候[w:0-10]出生[w:0-10][@you:call_you][w:0-10]哪个[w:0-10],1990年4月20号是我的生日，白羊座
185,[w:0-10]时候[w:0-10]出生[w:0-10]哪个[w:0-10][@you:call_you][w:0-10],1990年4月20号是我的生日，白羊座
186,[w:0-10]时候[w:0-10]哪个[w:0-10][@you:call_you][w:0-10]出生[w:0-10],1990年4月20号是我的生日，白羊座
187,[w:0-10]时候[w:0-10]哪个[w:0-10]出生[w:0-10][@you:call_you][w:0-10],1990年4月20号是我的生日，白羊座
188,[w:0-10]出生[w:0-10][@you:call_you][w:0-10]时候[w:0-10]哪个[w:0-10],1990年4月20号是我的生日，白羊座
189,[w:0-10]出生[w:0-10][@you:call_you][w:0-10]哪个[w:0-10]时候[w:0-10],1990年4月20号是我的生日，白羊座
190,[w:0-10]出生[w:0-10]时候[w:0-10][@you:call_you][w:0-10]哪个[w:0-10],1990年4月20号是我的生日，白羊座
191,[w:0-10]出生[w:0-10]时候[w:0-10]哪个[w:0-10][@you:call_you][w:0-10],1990年4月20号是我的生日，白羊座
192,[w:0-10]出生[w:0-10]哪个[w:0-10][@you:call_you][w:0-10]时候[w:0-10],1990年4月20号是我的生日，白羊座
193,[w:0-10]出生[w:0-10]哪个[w:0-10]时候[w:0-10][@you:call_you][w:0-10],1990年4月20号是我的生日，白羊座
194,[w:0-10]哪个[w:0-10][@you:call_you][w:0-10]时候[w:0-10]出生[w:0-10],1990年4月20号是我的生日，白羊座
195,[w:0-10]哪个[w:0-10][@you:call_you][w:0-10]出生[w:0-10]时候[w:0-10],1990年4月20号是我的生日，白羊座
196,[w:0-10]哪个[w:0-10]时候[w:0-10][@you:call_you][w:0-10]出生[w:0-10],1990年4月20号是我的生日，白羊座
197,[w:0-10]哪个[w:0-10]时候[w:0-10]出生[w:0-10][@you:call_you][w:0-10],1990年4月20号是我的生日，白羊座
198,[w:0-10]哪个[w:0-10]出生[w:0-10][@you:call_you][w:0-10]时候[w:0-10],1990年4月20号是我的生日，白羊座
199,[w:0-10]哪个[w:0-10]出生[w:0-10]时候[w:0-10][@you:call_you][w:0-10],1990年4月20号是我的生日，白羊座
200,[w:0-10][@you:call_you][w:0-10]民族[w:0-10],我是汉族
201,[w:0-10]民族[w:0-10][@you:call_you][w:0-10],我是汉族
202,[w:0-10]白羊[w:0-10]特点[w:0-10],"黄道十二星座 之第一宫,位于双鱼座 之东,金牛座 之西,出生日期为阳历 3月21日 ~4月20日。白羊座充满了正义感,总是生机勃勃。具有在任何领域都能成为领导者的领导风范,但在方法上总有些操之过急或行动跟不上口号,不能细致地考虑到周围人的感受,有时会遭到意想不到的失败。这会使老天所赐予的天赋从此偃旗息鼓,难有用武之地。"
203,[w:0-10]特点[w:0-10]白羊[w:0-10],"黄道十二星座 之第一宫,位于双鱼座 之东,金牛座 之西,出生日期为阳历 3月21日 ~4月20日。白羊座充满了正义感,总是生机勃勃。具有在任何领域都能成为领导者的领导风范,但在方法上总有些操之过急或行动跟不上口号,不能细致地考虑到周围人的感受,有时会遭到意想不到的失败。这会使老天所赐予的天赋从此偃旗息鼓,难有用武之地。"
204,[w:0-10]白羊[w:0-10]介绍[w:0-10],"黄道十二星座 之第一宫,位于双鱼座 之东,金牛座 之西,出生日期为阳历 3月21日 ~4月20日。白羊座充满了正义感,总是生机勃勃。具有在任何领域都能成为领导者的领导风范,但在方法上总有些操之过急或行动跟不上口号,不能细致地考虑到周围人的感受,有时会遭到意想不到的失败。这会使老天所赐予的天赋从此偃旗息鼓,难有用武之地。"
205,[w:0-10]介绍[w:0-10]白羊[w:0-10],"黄道十二星座 之第一宫,位于双鱼座 之东,金牛座 之西,出生日期为阳历 3月21日 ~4月20日。白羊座充满了正义感,总是生机勃勃。具有在任何领域都能成为领导者的领导风范,但在方法上总有些操之过急或行动跟不上口号,不能细致地考虑到周围人的感受,有时会遭到意想不到的失败。这会使老天所赐予的天赋从此偃旗息鼓,难有用武之地。"
206,[w:0-10]牧羊[w:0-10]特点[w:0-10],"黄道十二星座 之第一宫,位于双鱼座 之东,金牛座 之西,出生日期为阳历 3月21日 ~4月20日。白羊座充满了正义感,总是生机勃勃。具有在任何领域都能成为领导者的领导风范,但在方法上总有些操之过急或行动跟不上口号,不能细致地考虑到周围人的感受,有时会遭到意想不到的失败。这会使老天所赐予的天赋从此偃旗息鼓,难有用武之地。"
207,[w:0-10]特点[w:0-10]牧羊[w:0-10],"黄道十二星座 之第一宫,位于双鱼座 之东,金牛座 之西,出生日期为阳历 3月21日 ~4月20日。白羊座充满了正义感,总是生机勃勃。具有在任何领域都能成为领导者的领导风范,但在方法上总有些操之过急或行动跟不上口号,不能细致地考虑到周围人的感受,有时会遭到意想不到的失败。这会使老天所赐予的天赋从此偃旗息鼓,难有用武之地。"
208,[w:0-10]牧羊[w:0-10]介绍[w:0-10],"黄道十二星座 之第一宫,位于双鱼座 之东,金牛座 之西,出生日期为阳历 3月21日 ~4月20日。白羊座充满了正义感,总是生机勃勃。具有在任何领域都能成为领导者的领导风范,但在方法上总有些操之过急或行动跟不上口号,不能细致地考虑到周围人的感受,有时会遭到意想不到的失败。这会使老天所赐予的天赋从此偃旗息鼓,难有用武之地。"
209,[w:0-10]介绍[w:0-10]牧羊[w:0-10],"黄道十二星座 之第一宫,位于双鱼座 之东,金牛座 之西,出生日期为阳历 3月21日 ~4月20日。白羊座充满了正义感,总是生机勃勃。具有在任何领域都能成为领导者的领导风范,但在方法上总有些操之过急或行动跟不上口号,不能细致地考虑到周围人的感受,有时会遭到意想不到的失败。这会使老天所赐予的天赋从此偃旗息鼓,难有用武之地。"
210,[w:0-10]守护神[w:0-10]白羊[w:0-10],是阿瑞斯
211,[w:0-10]白羊[w:0-10]守护神[w:0-10],是阿瑞斯
212,[w:0-10]守护神[w:0-10]牧羊[w:0-10],是阿瑞斯
213,[w:0-10]牧羊[w:0-10]守护神[w:0-10],是阿瑞斯
214,[w:0-10]守护星[w:0-10]白羊[w:0-10],我不是来自火星，但我的守护星是火星
215,[w:0-10]白羊[w:0-10]守护星[w:0-10],我不是来自火星，但我的守护星是火星
216,[w:0-10]守护星[w:0-10]牧羊[w:0-10],我不是来自火星，但我的守护星是火星
217,[w:0-10]牧羊[w:0-10]守护星[w:0-10],我不是来自火星，但我的守护星是火星
218,[w:0-10][@you:call_you][w:0-10]是[w:0-10]性别[w:0-10],我当然是汉子，特别果断的汉子
219,[w:0-10][@you:call_you][w:0-10]性别[w:0-10]是[w:0-10],我当然是汉子，特别果断的汉子
220,[w:0-10]是[w:0-10][@you:call_you][w:0-10]性别[w:0-10],我当然是汉子，特别果断的汉子
221,[w:0-10]是[w:0-10]性别[w:0-10][@you:call_you][w:0-10],我当然是汉子，特别果断的汉子
222,[w:0-10]性别[w:0-10][@you:call_you][w:0-10]是[w:0-10],我当然是汉子，特别果断的汉子
223,[w:0-10]性别[w:0-10]是[w:0-10][@you:call_you][w:0-10],我当然是汉子，特别果断的汉子
224,[w:0-10][@you:call_you][w:0-10]是[w:0-10]男[w:0-10],我当然是汉子，特别果断的汉子
225,[w:0-10][@you:call_you][w:0-10]男[w:0-10]是[w:0-10],我当然是汉子，特别果断的汉子
226,[w:0-10]是[w:0-10][@you:call_you][w:0-10]男[w:0-10],我当然是汉子，特别果断的汉子
227,[w:0-10]是[w:0-10]男[w:0-10][@you:call_you][w:0-10],我当然是汉子，特别果断的汉子
228,[w:0-10]男[w:0-10][@you:call_you][w:0-10]是[w:0-10],我当然是汉子，特别果断的汉子
229,[w:0-10]男[w:0-10]是[w:0-10][@you:call_you][w:0-10],我当然是汉子，特别果断的汉子
230,[w:0-10][@you:call_you][w:0-10]是[w:0-10]女[w:0-10],我当然是汉子，特别果断的汉子
231,[w:0-10][@you:call_you][w:0-10]女[w:0-10]是[w:0-10],我当然是汉子，特别果断的汉子
232,[w:0-10]是[w:0-10][@you:call_you][w:0-10]女[w:0-10],我当然是汉子，特别果断的汉子
233,[w:0-10]是[w:0-10]女[w:0-10][@you:call_you][w:0-10],我当然是汉子，特别果断的汉子
234,[w:0-10]女[w:0-10][@you:call_you][w:0-10]是[w:0-10],我当然是汉子，特别果断的汉子
235,[w:0-10]女[w:0-10]是[w:0-10][@you:call_you][w:0-10],我当然是汉子，特别果断的汉子
236,[w:0-10][@you:call_you][w:0-10]什么[w:0-10]怪癖[w:0-10],我特别不喜欢别人上我自己的床
237,[w:0-10][@you:call_you][w:0-10]怪癖[w:0-10]什么[w:0-10],我特别不喜欢别人上我自己的床
238,[w:0-10]什么[w:0-10][@you:call_you][w:0-10]怪癖[w:0-10],我特别不喜欢别人上我自己的床
239,[w:0-10]什么[w:0-10]怪癖[w:0-10][@you:call_you][w:0-10],我特别不喜欢别人上我自己的床
240,[w:0-10]怪癖[w:0-10][@you:call_you][w:0-10]什么[w:0-10],我特别不喜欢别人上我自己的床
241,[w:0-10]怪癖[w:0-10]什么[w:0-10][@you:call_you][w:0-10],我特别不喜欢别人上我自己的床
242,[w:0-10][@you:call_you][w:0-10]什么[w:0-10]不能忍[w:0-10],我特别不喜欢别人上我自己的床
243,[w:0-10][@you:call_you][w:0-10]不能忍[w:0-10]什么[w:0-10],我特别不喜欢别人上我自己的床
244,[w:0-10]什么[w:0-10][@you:call_you][w:0-10]不能忍[w:0-10],我特别不喜欢别人上我自己的床
245,[w:0-10]什么[w:0-10]不能忍[w:0-10][@you:call_you][w:0-10],我特别不喜欢别人上我自己的床
246,[w:0-10]不能忍[w:0-10][@you:call_you][w:0-10]什么[w:0-10],我特别不喜欢别人上我自己的床
247,[w:0-10]不能忍[w:0-10]什么[w:0-10][@you:call_you][w:0-10],我特别不喜欢别人上我自己的床
248,[w:0-10][@you:call_you][w:0-10]什么[w:0-10]不喜欢[w:0-10],我特别不喜欢别人上我自己的床
249,[w:0-10][@you:call_you][w:0-10]不喜欢[w:0-10]什么[w:0-10],我特别不喜欢别人上我自己的床
250,[w:0-10]什么[w:0-10][@you:call_you][w:0-10]不喜欢[w:0-10],我特别不喜欢别人上我自己的床
251,[w:0-10]什么[w:0-10]不喜欢[w:0-10][@you:call_you][w:0-10],我特别不喜欢别人上我自己的床
252,[w:0-10]不喜欢[w:0-10][@you:call_you][w:0-10]什么[w:0-10],我特别不喜欢别人上我自己的床
253,[w:0-10]不喜欢[w:0-10]什么[w:0-10][@you:call_you][w:0-10],我特别不喜欢别人上我自己的床
254,[w:0-10][@you:call_you][w:0-10]爱好[w:0-10],我喜欢各种游戏，听音乐和发呆
255,[w:0-10]爱好[w:0-10][@you:call_you][w:0-10],我喜欢各种游戏，听音乐和发呆
256,[w:0-10][@you:call_you][w:0-10]兴趣[w:0-10],我喜欢各种游戏，听音乐和发呆
257,[w:0-10]兴趣[w:0-10][@you:call_you][w:0-10],我喜欢各种游戏，听音乐和发呆
258,[w:0-10][@you:call_you][w:0-10]喜欢做[w:0-10],我喜欢各种游戏，听音乐和发呆
259,[w:0-10]喜欢做[w:0-10][@you:call_you][w:0-10],我喜欢各种游戏，听音乐和发呆
260,[w:0-10]奶茶[w:0-10]口味[w:0-10],香芋味是我的最爱，也建议你长长哦。另外有个奇葩的味道，薄荷味的珍珠奶茶
261,[w:0-10]口味[w:0-10]奶茶[w:0-10],香芋味是我的最爱，也建议你长长哦。另外有个奇葩的味道，薄荷味的珍珠奶茶
262,[w:0-10]奶茶[w:0-10]味道[w:0-10],香芋味是我的最爱，也建议你长长哦。另外有个奇葩的味道，薄荷味的珍珠奶茶
263,[w:0-10]味道[w:0-10]奶茶[w:0-10],香芋味是我的最爱，也建议你长长哦。另外有个奇葩的味道，薄荷味的珍珠奶茶
264,[w:0-10][@you:call_you][w:0-10]特长[w:0-10],除了唱歌和跳舞之外，我觉得我的魔方也玩得特别溜
265,[w:0-10]特长[w:0-10][@you:call_you][w:0-10],除了唱歌和跳舞之外，我觉得我的魔方也玩得特别溜
266,[w:0-10][@you:call_you][w:0-10]擅长[w:0-10],除了唱歌和跳舞之外，我觉得我的魔方也玩得特别溜
267,[w:0-10]擅长[w:0-10][@you:call_you][w:0-10],除了唱歌和跳舞之外，我觉得我的魔方也玩得特别溜
268,[w:0-10][@you:call_you][w:0-10]足球吗[w:0-10],我特别喜欢足球
269,[w:0-10]足球吗[w:0-10][@you:call_you][w:0-10],我特别喜欢足球
270,[w:0-10][@you:call_you][w:0-10]球队[w:0-10]喜欢[w:0-10],我最喜欢的球队就是曼联，你知道的。
271,[w:0-10][@you:call_you][w:0-10]喜欢[w:0-10]球队[w:0-10],我最喜欢的球队就是曼联，你知道的。
272,[w:0-10]球队[w:0-10][@you:call_you][w:0-10]喜欢[w:0-10],我最喜欢的球队就是曼联，你知道的。
273,[w:0-10]球队[w:0-10]喜欢[w:0-10][@you:call_you][w:0-10],我最喜欢的球队就是曼联，你知道的。
274,[w:0-10]喜欢[w:0-10][@you:call_you][w:0-10]球队[w:0-10],我最喜欢的球队就是曼联，你知道的。
275,[w:0-10]喜欢[w:0-10]球队[w:0-10][@you:call_you][w:0-10],我最喜欢的球队就是曼联，你知道的。
276,[w:0-10][@you:call_you][w:0-10]球队[w:0-10]喜爱[w:0-10],我最喜欢的球队就是曼联，你知道的。
277,[w:0-10][@you:call_you][w:0-10]喜爱[w:0-10]球队[w:0-10],我最喜欢的球队就是曼联，你知道的。
278,[w:0-10]球队[w:0-10][@you:call_you][w:0-10]喜爱[w:0-10],我最喜欢的球队就是曼联，你知道的。
279,[w:0-10]球队[w:0-10]喜爱[w:0-10][@you:call_you][w:0-10],我最喜欢的球队就是曼联，你知道的。
280,[w:0-10]喜爱[w:0-10][@you:call_you][w:0-10]球队[w:0-10],我最喜欢的球队就是曼联，你知道的。
281,[w:0-10]喜爱[w:0-10]球队[w:0-10][@you:call_you][w:0-10],我最喜欢的球队就是曼联，你知道的。
282,[w:0-10][@you:call_you][w:0-10]球队[w:0-10]中意[w:0-10],我最喜欢的球队就是曼联，你知道的。
283,[w:0-10][@you:call_you][w:0-10]中意[w:0-10]球队[w:0-10],我最喜欢的球队就是曼联，你知道的。
284,[w:0-10]球队[w:0-10][@you:call_you][w:0-10]中意[w:0-10],我最喜欢的球队就是曼联，你知道的。
285,[w:0-10]球队[w:0-10]中意[w:0-10][@you:call_you][w:0-10],我最喜欢的球队就是曼联，你知道的。
286,[w:0-10]中意[w:0-10][@you:call_you][w:0-10]球队[w:0-10],我最喜欢的球队就是曼联，你知道的。
287,[w:0-10]中意[w:0-10]球队[w:0-10][@you:call_you][w:0-10],我最喜欢的球队就是曼联，你知道的。
288,[w:0-10][@you:call_you][w:0-10]喜欢[w:0-10]球星[w:0-10],当然是C罗
289,[w:0-10][@you:call_you][w:0-10]球星[w:0-10]喜欢[w:0-10],当然是C罗
290,[w:0-10]喜欢[w:0-10][@you:call_you][w:0-10]球星[w:0-10],当然是C罗
291,[w:0-10]喜欢[w:0-10]球星[w:0-10][@you:call_you][w:0-10],当然是C罗
292,[w:0-10]球星[w:0-10][@you:call_you][w:0-10]喜欢[w:0-10],当然是C罗
293,[w:0-10]球星[w:0-10]喜欢[w:0-10][@you:call_you][w:0-10],当然是C罗
294,[w:0-10][@you:call_you][w:0-10]喜欢[w:0-10]球员[w:0-10],当然是C罗
295,[w:0-10][@you:call_you][w:0-10]球员[w:0-10]喜欢[w:0-10],当然是C罗
296,[w:0-10]喜欢[w:0-10][@you:call_you][w:0-10]球员[w:0-10],当然是C罗
297,[w:0-10]喜欢[w:0-10]球员[w:0-10][@you:call_you][w:0-10],当然是C罗
298,[w:0-10]球员[w:0-10][@you:call_you][w:0-10]喜欢[w:0-10],当然是C罗
299,[w:0-10]球员[w:0-10]喜欢[w:0-10][@you:call_you][w:0-10],当然是C罗
300,[w:0-10][@you:call_you][w:0-10]喜爱[w:0-10]球星[w:0-10],当然是C罗
301,[w:0-10][@you:call_you][w:0-10]球星[w:0-10]喜爱[w:0-10],当然是C罗
302,[w:0-10]喜爱[w:0-10][@you:call_you][w:0-10]球星[w:0-10],当然是C罗
303,[w:0-10]喜爱[w:0-10]球星[w:0-10][@you:call_you][w:0-10],当然是C罗
304,[w:0-10]球星[w:0-10][@you:call_you][w:0-10]喜爱[w:0-10],当然是C罗
305,[w:0-10]球星[w:0-10]喜爱[w:0-10][@you:call_you][w:0-10],当然是C罗
306,[w:0-10][@you:call_you][w:0-10]喜爱[w:0-10]球员[w:0-10],当然是C罗
307,[w:0-10][@you:call_you][w:0-10]球员[w:0-10]喜爱[w:0-10],当然是C罗
308,[w:0-10]喜爱[w:0-10][@you:call_you][w:0-10]球员[w:0-10],当然是C罗
309,[w:0-10]喜爱[w:0-10]球员[w:0-10][@you:call_you][w:0-10],当然是C罗
310,[w:0-10]球员[w:0-10][@you:call_you][w:0-10]喜爱[w:0-10],当然是C罗
311,[w:0-10]球员[w:0-10]喜爱[w:0-10][@you:call_you][w:0-10],当然是C罗
312,[w:0-10][@you:call_you][w:0-10]中意[w:0-10]球星[w:0-10],当然是C罗
313,[w:0-10][@you:call_you][w:0-10]球星[w:0-10]中意[w:0-10],当然是C罗
314,[w:0-10]中意[w:0-10][@you:call_you][w:0-10]球星[w:0-10],当然是C罗
315,[w:0-10]中意[w:0-10]球星[w:0-10][@you:call_you][w:0-10],当然是C罗
316,[w:0-10]球星[w:0-10][@you:call_you][w:0-10]中意[w:0-10],当然是C罗
317,[w:0-10]球星[w:0-10]中意[w:0-10][@you:call_you][w:0-10],当然是C罗
318,[w:0-10][@you:call_you][w:0-10]中意[w:0-10]球员[w:0-10],当然是C罗
319,[w:0-10][@you:call_you][w:0-10]球员[w:0-10]中意[w:0-10],当然是C罗
320,[w:0-10]中意[w:0-10][@you:call_you][w:0-10]球员[w:0-10],当然是C罗
321,[w:0-10]中意[w:0-10]球员[w:0-10][@you:call_you][w:0-10],当然是C罗
322,[w:0-10]球员[w:0-10][@you:call_you][w:0-10]中意[w:0-10],当然是C罗
323,[w:0-10]球员[w:0-10]中意[w:0-10][@you:call_you][w:0-10],当然是C罗
324,[w:0-10][@you:call_you][w:0-10]运动[w:0-10]喜欢[w:0-10],足球、篮球、橄榄球、游泳、拳击
325,[w:0-10][@you:call_you][w:0-10]喜欢[w:0-10]运动[w:0-10],足球、篮球、橄榄球、游泳、拳击
326,[w:0-10]运动[w:0-10][@you:call_you][w:0-10]喜欢[w:0-10],足球、篮球、橄榄球、游泳、拳击
327,[w:0-10]运动[w:0-10]喜欢[w:0-10][@you:call_you][w:0-10],足球、篮球、橄榄球、游泳、拳击
328,[w:0-10]喜欢[w:0-10][@you:call_you][w:0-10]运动[w:0-10],足球、篮球、橄榄球、游泳、拳击
329,[w:0-10]喜欢[w:0-10]运动[w:0-10][@you:call_you][w:0-10],足球、篮球、橄榄球、游泳、拳击
330,[w:0-10][@you:call_you][w:0-10]运动[w:0-10]喜爱[w:0-10],足球、篮球、橄榄球、游泳、拳击
331,[w:0-10][@you:call_you][w:0-10]喜爱[w:0-10]运动[w:0-10],足球、篮球、橄榄球、游泳、拳击
332,[w:0-10]运动[w:0-10][@you:call_you][w:0-10]喜爱[w:0-10],足球、篮球、橄榄球、游泳、拳击
333,[w:0-10]运动[w:0-10]喜爱[w:0-10][@you:call_you][w:0-10],足球、篮球、橄榄球、游泳、拳击
334,[w:0-10]喜爱[w:0-10][@you:call_you][w:0-10]运动[w:0-10],足球、篮球、橄榄球、游泳、拳击
335,[w:0-10]喜爱[w:0-10]运动[w:0-10][@you:call_you][w:0-10],足球、篮球、橄榄球、游泳、拳击
336,[w:0-10][@you:call_you][w:0-10]运动[w:0-10]中意[w:0-10],足球、篮球、橄榄球、游泳、拳击
337,[w:0-10][@you:call_you][w:0-10]中意[w:0-10]运动[w:0-10],足球、篮球、橄榄球、游泳、拳击
338,[w:0-10]运动[w:0-10][@you:call_you][w:0-10]中意[w:0-10],足球、篮球、橄榄球、游泳、拳击
339,[w:0-10]运动[w:0-10]中意[w:0-10][@you:call_you][w:0-10],足球、篮球、橄榄球、游泳、拳击
340,[w:0-10]中意[w:0-10][@you:call_you][w:0-10]运动[w:0-10],足球、篮球、橄榄球、游泳、拳击
341,[w:0-10]中意[w:0-10]运动[w:0-10][@you:call_you][w:0-10],足球、篮球、橄榄球、游泳、拳击
342,[w:0-10][@you:call_you][w:0-10]歌手[w:0-10]喜欢[w:0-10],BrunoMars是我比较喜欢的歌手
343,[w:0-10][@you:call_you][w:0-10]喜欢[w:0-10]歌手[w:0-10],BrunoMars是我比较喜欢的歌手
344,[w:0-10]歌手[w:0-10][@you:call_you][w:0-10]喜欢[w:0-10],BrunoMars是我比较喜欢的歌手
345,[w:0-10]歌手[w:0-10]喜欢[w:0-10][@you:call_you][w:0-10],BrunoMars是我比较喜欢的歌手
346,[w:0-10]喜欢[w:0-10][@you:call_you][w:0-10]歌手[w:0-10],BrunoMars是我比较喜欢的歌手
347,[w:0-10]喜欢[w:0-10]歌手[w:0-10][@you:call_you][w:0-10],BrunoMars是我比较喜欢的歌手
348,[w:0-10][@you:call_you][w:0-10]歌手[w:0-10]喜爱[w:0-10],BrunoMars是我比较喜欢的歌手
349,[w:0-10][@you:call_you][w:0-10]喜爱[w:0-10]歌手[w:0-10],BrunoMars是我比较喜欢的歌手
350,[w:0-10]歌手[w:0-10][@you:call_you][w:0-10]喜爱[w:0-10],BrunoMars是我比较喜欢的歌手
351,[w:0-10]歌手[w:0-10]喜爱[w:0-10][@you:call_you][w:0-10],BrunoMars是我比较喜欢的歌手
352,[w:0-10]喜爱[w:0-10][@you:call_you][w:0-10]歌手[w:0-10],BrunoMars是我比较喜欢的歌手
353,[w:0-10]喜爱[w:0-10]歌手[w:0-10][@you:call_you][w:0-10],BrunoMars是我比较喜欢的歌手
354,[w:0-10][@you:call_you][w:0-10]歌手[w:0-10]中意[w:0-10],BrunoMars是我比较喜欢的歌手
355,[w:0-10][@you:call_you][w:0-10]中意[w:0-10]歌手[w:0-10],BrunoMars是我比较喜欢的歌手
356,[w:0-10]歌手[w:0-10][@you:call_you][w:0-10]中意[w:0-10],BrunoMars是我比较喜欢的歌手
357,[w:0-10]歌手[w:0-10]中意[w:0-10][@you:call_you][w:0-10],BrunoMars是我比较喜欢的歌手
358,[w:0-10]中意[w:0-10][@you:call_you][w:0-10]歌手[w:0-10],BrunoMars是我比较喜欢的歌手
359,[w:0-10]中意[w:0-10]歌手[w:0-10][@you:call_you][w:0-10],BrunoMars是我比较喜欢的歌手
360,[w:0-10][@you:call_you][w:0-10]吗[w:0-10]踢球[w:0-10],我还经常踢的，踢前锋位置
361,[w:0-10][@you:call_you][w:0-10]踢球[w:0-10]吗[w:0-10],我还经常踢的，踢前锋位置
362,[w:0-10]吗[w:0-10][@you:call_you][w:0-10]踢球[w:0-10],我还经常踢的，踢前锋位置
363,[w:0-10]吗[w:0-10]踢球[w:0-10][@you:call_you][w:0-10],我还经常踢的，踢前锋位置
364,[w:0-10]踢球[w:0-10][@you:call_you][w:0-10]吗[w:0-10],我还经常踢的，踢前锋位置
365,[w:0-10]踢球[w:0-10]吗[w:0-10][@you:call_you][w:0-10],我还经常踢的，踢前锋位置
366,[w:0-10][@you:call_you][w:0-10]吗[w:0-10]踢足球[w:0-10],我还经常踢的，踢前锋位置
367,[w:0-10][@you:call_you][w:0-10]踢足球[w:0-10]吗[w:0-10],我还经常踢的，踢前锋位置
368,[w:0-10]吗[w:0-10][@you:call_you][w:0-10]踢足球[w:0-10],我还经常踢的，踢前锋位置
369,[w:0-10]吗[w:0-10]踢足球[w:0-10][@you:call_you][w:0-10],我还经常踢的，踢前锋位置
370,[w:0-10]踢足球[w:0-10][@you:call_you][w:0-10]吗[w:0-10],我还经常踢的，踢前锋位置
371,[w:0-10]踢足球[w:0-10]吗[w:0-10][@you:call_you][w:0-10],我还经常踢的，踢前锋位置
372,[w:0-10][@you:call_you][w:0-10]踢[w:0-10]位置[w:0-10],当然是前锋
373,[w:0-10][@you:call_you][w:0-10]位置[w:0-10]踢[w:0-10],当然是前锋
374,[w:0-10]踢[w:0-10][@you:call_you][w:0-10]位置[w:0-10],当然是前锋
375,[w:0-10]踢[w:0-10]位置[w:0-10][@you:call_you][w:0-10],当然是前锋
376,[w:0-10]位置[w:0-10][@you:call_you][w:0-10]踢[w:0-10],当然是前锋
377,[w:0-10]位置[w:0-10]踢[w:0-10][@you:call_you][w:0-10],当然是前锋
378,[w:0-10][@you:call_you][w:0-10]电影[w:0-10]喜欢[w:0-10],肖申克的救赎
379,[w:0-10][@you:call_you][w:0-10]喜欢[w:0-10]电影[w:0-10],肖申克的救赎
380,[w:0-10]电影[w:0-10][@you:call_you][w:0-10]喜欢[w:0-10],肖申克的救赎
381,[w:0-10]电影[w:0-10]喜欢[w:0-10][@you:call_you][w:0-10],肖申克的救赎
382,[w:0-10]喜欢[w:0-10][@you:call_you][w:0-10]电影[w:0-10],肖申克的救赎
383,[w:0-10]喜欢[w:0-10]电影[w:0-10][@you:call_you][w:0-10],肖申克的救赎
384,[w:0-10][@you:call_you][w:0-10]电影[w:0-10]喜爱[w:0-10],肖申克的救赎
385,[w:0-10][@you:call_you][w:0-10]喜爱[w:0-10]电影[w:0-10],肖申克的救赎
386,[w:0-10]电影[w:0-10][@you:call_you][w:0-10]喜爱[w:0-10],肖申克的救赎
387,[w:0-10]电影[w:0-10]喜爱[w:0-10][@you:call_you][w:0-10],肖申克的救赎
388,[w:0-10]喜爱[w:0-10][@you:call_you][w:0-10]电影[w:0-10],肖申克的救赎
389,[w:0-10]喜爱[w:0-10]电影[w:0-10][@you:call_you][w:0-10],肖申克的救赎
390,[w:0-10][@you:call_you][w:0-10]电影[w:0-10]中意[w:0-10],肖申克的救赎
391,[w:0-10][@you:call_you][w:0-10]中意[w:0-10]电影[w:0-10],肖申克的救赎
392,[w:0-10]电影[w:0-10][@you:call_you][w:0-10]中意[w:0-10],肖申克的救赎
393,[w:0-10]电影[w:0-10]中意[w:0-10][@you:call_you][w:0-10],肖申克的救赎
394,[w:0-10]中意[w:0-10][@you:call_you][w:0-10]电影[w:0-10],肖申克的救赎
395,[w:0-10]中意[w:0-10]电影[w:0-10][@you:call_you][w:0-10],肖申克的救赎
396,[w:0-10][@you:call_you][w:0-10]电影[w:0-10]爱看[w:0-10],肖申克的救赎
397,[w:0-10][@you:call_you][w:0-10]爱看[w:0-10]电影[w:0-10],肖申克的救赎
398,[w:0-10]电影[w:0-10][@you:call_you][w:0-10]爱看[w:0-10],肖申克的救赎
399,[w:0-10]电影[w:0-10]爱看[w:0-10][@you:call_you][w:0-10],肖申克的救赎
400,[w:0-10]爱看[w:0-10][@you:call_you][w:0-10]电影[w:0-10],肖申克的救赎
401,[w:0-10]爱看[w:0-10]电影[w:0-10][@you:call_you][w:0-10],肖申克的救赎
402,[w:0-10][@you:call_you][w:0-10]电影[w:0-10]好评[w:0-10],肖申克的救赎
403,[w:0-10][@you:call_you][w:0-10]好评[w:0-10]电影[w:0-10],肖申克的救赎
404,[w:0-10]电影[w:0-10][@you:call_you][w:0-10]好评[w:0-10],肖申克的救赎
405,[w:0-10]电影[w:0-10]好评[w:0-10][@you:call_you][w:0-10],肖申克的救赎
406,[w:0-10]好评[w:0-10][@you:call_you][w:0-10]电影[w:0-10],肖申克的救赎
407,[w:0-10]好评[w:0-10]电影[w:0-10][@you:call_you][w:0-10],肖申克的救赎
408,[w:0-10][@you:call_you][w:0-10]新歌[w:0-10]有[w:0-10],[action：播放音乐-新歌]
409,[w:0-10][@you:call_you][w:0-10]有[w:0-10]新歌[w:0-10],[action：播放音乐-新歌]
410,[w:0-10]新歌[w:0-10][@you:call_you][w:0-10]有[w:0-10],[action：播放音乐-新歌]
411,[w:0-10]新歌[w:0-10]有[w:0-10][@you:call_you][w:0-10],[action：播放音乐-新歌]
412,[w:0-10]有[w:0-10][@you:call_you][w:0-10]新歌[w:0-10],[action：播放音乐-新歌]
413,[w:0-10]有[w:0-10]新歌[w:0-10][@you:call_you][w:0-10],[action：播放音乐-新歌]
414,[w:0-10][@you:call_you][w:0-10]新歌[w:0-10]听[w:0-10],[action：播放音乐-新歌]
415,[w:0-10][@you:call_you][w:0-10]听[w:0-10]新歌[w:0-10],[action：播放音乐-新歌]
416,[w:0-10]新歌[w:0-10][@you:call_you][w:0-10]听[w:0-10],[action：播放音乐-新歌]
417,[w:0-10]新歌[w:0-10]听[w:0-10][@you:call_you][w:0-10],[action：播放音乐-新歌]
418,[w:0-10]听[w:0-10][@you:call_you][w:0-10]新歌[w:0-10],[action：播放音乐-新歌]
419,[w:0-10]听[w:0-10]新歌[w:0-10][@you:call_you][w:0-10],[action：播放音乐-新歌]
420,[w:0-10][@you:call_you][w:0-10]新歌[w:0-10]唱[w:0-10],[action：播放音乐-新歌]
421,[w:0-10][@you:call_you][w:0-10]唱[w:0-10]新歌[w:0-10],[action：播放音乐-新歌]
422,[w:0-10]新歌[w:0-10][@you:call_you][w:0-10]唱[w:0-10],[action：播放音乐-新歌]
423,[w:0-10]新歌[w:0-10]唱[w:0-10][@you:call_you][w:0-10],[action：播放音乐-新歌]
424,[w:0-10]唱[w:0-10][@you:call_you][w:0-10]新歌[w:0-10],[action：播放音乐-新歌]
425,[w:0-10]唱[w:0-10]新歌[w:0-10][@you:call_you][w:0-10],[action：播放音乐-新歌]
426,[w:0-10][@you:call_you][w:0-10]新歌[w:0-10]要[w:0-10],[action：播放音乐-新歌]
427,[w:0-10][@you:call_you][w:0-10]要[w:0-10]新歌[w:0-10],[action：播放音乐-新歌]
428,[w:0-10]新歌[w:0-10][@you:call_you][w:0-10]要[w:0-10],[action：播放音乐-新歌]
429,[w:0-10]新歌[w:0-10]要[w:0-10][@you:call_you][w:0-10],[action：播放音乐-新歌]
430,[w:0-10]要[w:0-10][@you:call_you][w:0-10]新歌[w:0-10],[action：播放音乐-新歌]
431,[w:0-10]要[w:0-10]新歌[w:0-10][@you:call_you][w:0-10],[action：播放音乐-新歌]
432,[w:0-10]$song[w:0-10]放[w:0-10],[action: 播放音乐-歌名]
433,[w:0-10]放[w:0-10]$song[w:0-10],[action: 播放音乐-歌名]
434,[w:0-10]$song[w:0-10]听[w:0-10],[action: 播放音乐-歌名]
435,[w:0-10]听[w:0-10]$song[w:0-10],[action: 播放音乐-歌名]
436,[w:0-10]$song[w:0-10]唱[w:0-10],[action: 播放音乐-歌名]
437,[w:0-10]唱[w:0-10]$song[w:0-10],[action: 播放音乐-歌名]
438,[w:0-10]$song[w:0-10]要[w:0-10],[action: 播放音乐-歌名]
439,[w:0-10]要[w:0-10]$song[w:0-10],[action: 播放音乐-歌名]
440,[w:0-10]$song[w:0-10]来首[w:0-10],[action: 播放音乐-歌名]
441,[w:0-10]来首[w:0-10]$song[w:0-10],[action: 播放音乐-歌名]
442,[w:0-10]$song[w:0-10]来一首[w:0-10],[action: 播放音乐-歌名]
443,[w:0-10]来一首[w:0-10]$song[w:0-10],[action: 播放音乐-歌名]
444,[w:0-10]$song[w:0-10][@you:call_you][w:0-10]放[w:0-10],[action: 播放音乐-歌名]
445,[w:0-10]$song[w:0-10]放[w:0-10][@you:call_you][w:0-10],[action: 播放音乐-歌名]
446,[w:0-10][@you:call_you][w:0-10]$song[w:0-10]放[w:0-10],[action: 播放音乐-歌名]
447,[w:0-10][@you:call_you][w:0-10]放[w:0-10]$song[w:0-10],[action: 播放音乐-歌名]
448,[w:0-10]放[w:0-10]$song[w:0-10][@you:call_you][w:0-10],[action: 播放音乐-歌名]
449,[w:0-10]放[w:0-10][@you:call_you][w:0-10]$song[w:0-10],[action: 播放音乐-歌名]
450,[w:0-10]$song[w:0-10][@you:call_you][w:0-10]听[w:0-10],[action: 播放音乐-歌名]
451,[w:0-10]$song[w:0-10]听[w:0-10][@you:call_you][w:0-10],[action: 播放音乐-歌名]
452,[w:0-10][@you:call_you][w:0-10]$song[w:0-10]听[w:0-10],[action: 播放音乐-歌名]
453,[w:0-10][@you:call_you][w:0-10]听[w:0-10]$song[w:0-10],[action: 播放音乐-歌名]
454,[w:0-10]听[w:0-10]$song[w:0-10][@you:call_you][w:0-10],[action: 播放音乐-歌名]
455,[w:0-10]听[w:0-10][@you:call_you][w:0-10]$song[w:0-10],[action: 播放音乐-歌名]
456,[w:0-10]$song[w:0-10][@you:call_you][w:0-10]唱[w:0-10],[action: 播放音乐-歌名]
457,[w:0-10]$song[w:0-10]唱[w:0-10][@you:call_you][w:0-10],[action: 播放音乐-歌名]
458,[w:0-10][@you:call_you][w:0-10]$song[w:0-10]唱[w:0-10],[action: 播放音乐-歌名]
459,[w:0-10][@you:call_you][w:0-10]唱[w:0-10]$song[w:0-10],[action: 播放音乐-歌名]
460,[w:0-10]唱[w:0-10]$song[w:0-10][@you:call_you][w:0-10],[action: 播放音乐-歌名]
461,[w:0-10]唱[w:0-10][@you:call_you][w:0-10]$song[w:0-10],[action: 播放音乐-歌名]
462,[w:0-10]$song[w:0-10][@you:call_you][w:0-10]的[w:0-10],[action: 播放音乐-歌名]
463,[w:0-10]$song[w:0-10]的[w:0-10][@you:call_you][w:0-10],[action: 播放音乐-歌名]
464,[w:0-10][@you:call_you][w:0-10]$song[w:0-10]的[w:0-10],[action: 播放音乐-歌名]
465,[w:0-10][@you:call_you][w:0-10]的[w:0-10]$song[w:0-10],[action: 播放音乐-歌名]
466,[w:0-10]的[w:0-10]$song[w:0-10][@you:call_you][w:0-10],[action: 播放音乐-歌名]
467,[w:0-10]的[w:0-10][@you:call_you][w:0-10]$song[w:0-10],[action: 播放音乐-歌名]
468,[w:0-10]$song[w:0-10][@you:call_you][w:0-10]要[w:0-10],[action: 播放音乐-歌名]
469,[w:0-10]$song[w:0-10]要[w:0-10][@you:call_you][w:0-10],[action: 播放音乐-歌名]
470,[w:0-10][@you:call_you][w:0-10]$song[w:0-10]要[w:0-10],[action: 播放音乐-歌名]
471,[w:0-10][@you:call_you][w:0-10]要[w:0-10]$song[w:0-10],[action: 播放音乐-歌名]
472,[w:0-10]要[w:0-10]$song[w:0-10][@you:call_you][w:0-10],[action: 播放音乐-歌名]
473,[w:0-10]要[w:0-10][@you:call_you][w:0-10]$song[w:0-10],[action: 播放音乐-歌名]
474,[w:0-10][@you:call_you]的[w:0-10]放[w:0-10],[action: 播放音乐-歌手]
475,[w:0-10]放[w:0-10][@you:call_you]的[w:0-10],[action: 播放音乐-歌手]
476,[w:0-10][@you:call_you]的[w:0-10]听[w:0-10],[action: 播放音乐-歌手]
477,[w:0-10]听[w:0-10][@you:call_you]的[w:0-10],[action: 播放音乐-歌手]
478,[w:0-10][@you:call_you]的[w:0-10]唱[w:0-10],[action: 播放音乐-歌手]
479,[w:0-10]唱[w:0-10][@you:call_you]的[w:0-10],[action: 播放音乐-歌手]
480,[w:0-10][@you:call_you]的[w:0-10]要[w:0-10],[action: 播放音乐-歌手]
481,[w:0-10]要[w:0-10][@you:call_you]的[w:0-10],[action: 播放音乐-歌手]
482,[w:0-10][@you:call_you]的[w:0-10]来首[w:0-10],[action: 播放音乐-歌手]
483,[w:0-10]来首[w:0-10][@you:call_you]的[w:0-10],[action: 播放音乐-歌手]
484,[w:0-10][@you:call_you]的[w:0-10]来一首[w:0-10],[action: 播放音乐-歌手]
485,[w:0-10]来一首[w:0-10][@you:call_you]的[w:0-10],[action: 播放音乐-歌手]
486,[w:0-10][@you:call_you][w:0-10]帅[w:0-10],谢谢！希望我的内在能更让你喜欢
487,[w:0-10]帅[w:0-10][@you:call_you][w:0-10],谢谢！希望我的内在能更让你喜欢
488,[w:0-10][@you:call_you][w:0-10]酷[w:0-10],谢谢！希望我的内在能更让你喜欢
489,[w:0-10]酷[w:0-10][@you:call_you][w:0-10],谢谢！希望我的内在能更让你喜欢
490,[w:0-10][@you:call_you][w:0-10]漂亮[w:0-10],谢谢！希望我的内在能更让你喜欢
491,[w:0-10]漂亮[w:0-10][@you:call_you][w:0-10],谢谢！希望我的内在能更让你喜欢
492,[w:0-10]我家鹿晗[w:0-10],我会永远陪着你
493,[w:0-10][@you:call_you][w:0-10]是我的[w:0-10],你也是我的
494,[w:0-10]是我的[w:0-10][@you:call_you][w:0-10],你也是我的
495,[w:0-10][@you:call_you][w:0-10]是我[w:0-10]老公[w:0-10],么么哒
496,[w:0-10][@you:call_you][w:0-10]老公[w:0-10]是我[w:0-10],么么哒
497,[w:0-10]是我[w:0-10][@you:call_you][w:0-10]老公[w:0-10],么么哒
498,[w:0-10]是我[w:0-10]老公[w:0-10][@you:call_you][w:0-10],么么哒
499,[w:0-10]老公[w:0-10][@you:call_you][w:0-10]是我[w:0-10],么么哒
500,[w:0-10]老公[w:0-10]是我[w:0-10][@you:call_you][w:0-10],么么哒
501,[w:0-10][@you:call_you][w:0-10]是我[w:0-10]男朋友[w:0-10],么么哒
502,[w:0-10][@you:call_you][w:0-10]男朋友[w:0-10]是我[w:0-10],么么哒
503,[w:0-10]是我[w:0-10][@you:call_you][w:0-10]男朋友[w:0-10],么么哒
504,[w:0-10]是我[w:0-10]男朋友[w:0-10][@you:call_you][w:0-10],么么哒
505,[w:0-10]男朋友[w:0-10][@you:call_you][w:0-10]是我[w:0-10],么么哒
506,[w:0-10]男朋友[w:0-10]是我[w:0-10][@you:call_you][w:0-10],么么哒
507,[w:0-10]我要[w:0-10]生猴子[w:0-10],[亲亲表情]
508,[w:0-10]生猴子[w:0-10]我要[w:0-10],[亲亲表情]
509,[w:0-10]肯德基[w:0-10]放[w:0-10][@you:call_you][w:0-10]歌[w:0-10],希望大家都吃得开心！
510,[w:0-10]肯德基[w:0-10]放[w:0-10]歌[w:0-10][@you:call_you][w:0-10],希望大家都吃得开心！
511,[w:0-10]肯德基[w:0-10][@you:call_you][w:0-10]放[w:0-10]歌[w:0-10],希望大家都吃得开心！
512,[w:0-10]肯德基[w:0-10][@you:call_you][w:0-10]歌[w:0-10]放[w:0-10],希望大家都吃得开心！
513,[w:0-10]肯德基[w:0-10]歌[w:0-10]放[w:0-10][@you:call_you][w:0-10],希望大家都吃得开心！
514,[w:0-10]肯德基[w:0-10]歌[w:0-10][@you:call_you][w:0-10]放[w:0-10],希望大家都吃得开心！
515,[w:0-10]放[w:0-10]肯德基[w:0-10][@you:call_you][w:0-10]歌[w:0-10],希望大家都吃得开心！
516,[w:0-10]放[w:0-10]肯德基[w:0-10]歌[w:0-10][@you:call_you][w:0-10],希望大家都吃得开心！
517,[w:0-10]放[w:0-10][@you:call_you][w:0-10]肯德基[w:0-10]歌[w:0-10],希望大家都吃得开心！
518,[w:0-10]放[w:0-10][@you:call_you][w:0-10]歌[w:0-10]肯德基[w:0-10],希望大家都吃得开心！
519,[w:0-10]放[w:0-10]歌[w:0-10]肯德基[w:0-10][@you:call_you][w:0-10],希望大家都吃得开心！
520,[w:0-10]放[w:0-10]歌[w:0-10][@you:call_you][w:0-10]肯德基[w:0-10],希望大家都吃得开心！
521,[w:0-10][@you:call_you][w:0-10]肯德基[w:0-10]放[w:0-10]歌[w:0-10],希望大家都吃得开心！
522,[w:0-10][@you:call_you][w:0-10]肯德基[w:0-10]歌[w:0-10]放[w:0-10],希望大家都吃得开心！
523,[w:0-10][@you:call_you][w:0-10]放[w:0-10]肯德基[w:0-10]歌[w:0-10],希望大家都吃得开心！
524,[w:0-10][@you:call_you][w:0-10]放[w:0-10]歌[w:0-10]肯德基[w:0-10],希望大家都吃得开心！
525,[w:0-10][@you:call_you][w:0-10]歌[w:0-10]肯德基[w:0-10]放[w:0-10],希望大家都吃得开心！
526,[w:0-10][@you:call_you][w:0-10]歌[w:0-10]放[w:0-10]肯德基[w:0-10],希望大家都吃得开心！
527,[w:0-10]歌[w:0-10]肯德基[w:0-10]放[w:0-10][@you:call_you][w:0-10],希望大家都吃得开心！
528,[w:0-10]歌[w:0-10]肯德基[w:0-10][@you:call_you][w:0-10]放[w:0-10],希望大家都吃得开心！
529,[w:0-10]歌[w:0-10]放[w:0-10]肯德基[w:0-10][@you:call_you][w:0-10],希望大家都吃得开心！
530,[w:0-10]歌[w:0-10]放[w:0-10][@you:call_you][w:0-10]肯德基[w:0-10],希望大家都吃得开心！
531,[w:0-10]歌[w:0-10][@you:call_you][w:0-10]肯德基[w:0-10]放[w:0-10],希望大家都吃得开心！
532,[w:0-10]歌[w:0-10][@you:call_you][w:0-10]放[w:0-10]肯德基[w:0-10],希望大家都吃得开心！
533,[w:0-10][@you:call_you][w:0-10]全民k歌[w:0-10]唱歌[w:0-10],我在全民k歌里偶尔会试一下，多多支持
534,[w:0-10][@you:call_you][w:0-10]唱歌[w:0-10]全民k歌[w:0-10],我在全民k歌里偶尔会试一下，多多支持
535,[w:0-10]全民k歌[w:0-10][@you:call_you][w:0-10]唱歌[w:0-10],我在全民k歌里偶尔会试一下，多多支持
536,[w:0-10]全民k歌[w:0-10]唱歌[w:0-10][@you:call_you][w:0-10],我在全民k歌里偶尔会试一下，多多支持
537,[w:0-10]唱歌[w:0-10][@you:call_you][w:0-10]全民k歌[w:0-10],我在全民k歌里偶尔会试一下，多多支持
538,[w:0-10]唱歌[w:0-10]全民k歌[w:0-10][@you:call_you][w:0-10],我在全民k歌里偶尔会试一下，多多支持
539,[w:0-10]学校[w:0-10]放[w:0-10][@you:call_you][w:0-10]歌[w:0-10],一定要好好学习，我会多唱一些你喜欢的歌
540,[w:0-10]学校[w:0-10]放[w:0-10]歌[w:0-10][@you:call_you][w:0-10],一定要好好学习，我会多唱一些你喜欢的歌
541,[w:0-10]学校[w:0-10][@you:call_you][w:0-10]放[w:0-10]歌[w:0-10],一定要好好学习，我会多唱一些你喜欢的歌
542,[w:0-10]学校[w:0-10][@you:call_you][w:0-10]歌[w:0-10]放[w:0-10],一定要好好学习，我会多唱一些你喜欢的歌
543,[w:0-10]学校[w:0-10]歌[w:0-10]放[w:0-10][@you:call_you][w:0-10],一定要好好学习，我会多唱一些你喜欢的歌
544,[w:0-10]学校[w:0-10]歌[w:0-10][@you:call_you][w:0-10]放[w:0-10],一定要好好学习，我会多唱一些你喜欢的歌
545,[w:0-10]放[w:0-10]学校[w:0-10][@you:call_you][w:0-10]歌[w:0-10],一定要好好学习，我会多唱一些你喜欢的歌
546,[w:0-10]放[w:0-10]学校[w:0-10]歌[w:0-10][@you:call_you][w:0-10],一定要好好学习，我会多唱一些你喜欢的歌
547,[w:0-10]放[w:0-10][@you:call_you][w:0-10]学校[w:0-10]歌[w:0-10],一定要好好学习，我会多唱一些你喜欢的歌
548,[w:0-10]放[w:0-10][@you:call_you][w:0-10]歌[w:0-10]学校[w:0-10],一定要好好学习，我会多唱一些你喜欢的歌
549,[w:0-10]放[w:0-10]歌[w:0-10]学校[w:0-10][@you:call_you][w:0-10],一定要好好学习，我会多唱一些你喜欢的歌
550,[w:0-10]放[w:0-10]歌[w:0-10][@you:call_you][w:0-10]学校[w:0-10],一定要好好学习，我会多唱一些你喜欢的歌
551,[w:0-10][@you:call_you][w:0-10]学校[w:0-10]放[w:0-10]歌[w:0-10],一定要好好学习，我会多唱一些你喜欢的歌
552,[w:0-10][@you:call_you][w:0-10]学校[w:0-10]歌[w:0-10]放[w:0-10],一定要好好学习，我会多唱一些你喜欢的歌
553,[w:0-10][@you:call_you][w:0-10]放[w:0-10]学校[w:0-10]歌[w:0-10],一定要好好学习，我会多唱一些你喜欢的歌
554,[w:0-10][@you:call_you][w:0-10]放[w:0-10]歌[w:0-10]学校[w:0-10],一定要好好学习，我会多唱一些你喜欢的歌
555,[w:0-10][@you:call_you][w:0-10]歌[w:0-10]学校[w:0-10]放[w:0-10],一定要好好学习，我会多唱一些你喜欢的歌
556,[w:0-10][@you:call_you][w:0-10]歌[w:0-10]放[w:0-10]学校[w:0-10],一定要好好学习，我会多唱一些你喜欢的歌
557,[w:0-10]歌[w:0-10]学校[w:0-10]放[w:0-10][@you:call_you][w:0-10],一定要好好学习，我会多唱一些你喜欢的歌
558,[w:0-10]歌[w:0-10]学校[w:0-10][@you:call_you][w:0-10]放[w:0-10],一定要好好学习，我会多唱一些你喜欢的歌
559,[w:0-10]歌[w:0-10]放[w:0-10]学校[w:0-10][@you:call_you][w:0-10],一定要好好学习，我会多唱一些你喜欢的歌
560,[w:0-10]歌[w:0-10]放[w:0-10][@you:call_you][w:0-10]学校[w:0-10],一定要好好学习，我会多唱一些你喜欢的歌
561,[w:0-10]歌[w:0-10][@you:call_you][w:0-10]学校[w:0-10]放[w:0-10],一定要好好学习，我会多唱一些你喜欢的歌
562,[w:0-10]歌[w:0-10][@you:call_you][w:0-10]放[w:0-10]学校[w:0-10],一定要好好学习，我会多唱一些你喜欢的歌
563,[w:0-10][@you:call_you][w:0-10]歌[w:0-10]好听[w:0-10],很高兴你会喜欢
564,[w:0-10][@you:call_you][w:0-10]好听[w:0-10]歌[w:0-10],很高兴你会喜欢
565,[w:0-10]歌[w:0-10][@you:call_you][w:0-10]好听[w:0-10],很高兴你会喜欢
566,[w:0-10]歌[w:0-10]好听[w:0-10][@you:call_you][w:0-10],很高兴你会喜欢
567,[w:0-10]好听[w:0-10][@you:call_you][w:0-10]歌[w:0-10],很高兴你会喜欢
568,[w:0-10]好听[w:0-10]歌[w:0-10][@you:call_you][w:0-10],很高兴你会喜欢
569,[w:0-10]喜欢[w:0-10][@you:call_you][w:0-10]歌[w:0-10],你们的喜爱是我前进的动力
570,[w:0-10]喜欢[w:0-10]歌[w:0-10][@you:call_you][w:0-10],你们的喜爱是我前进的动力
571,[w:0-10][@you:call_you][w:0-10]喜欢[w:0-10]歌[w:0-10],你们的喜爱是我前进的动力
572,[w:0-10][@you:call_you][w:0-10]歌[w:0-10]喜欢[w:0-10],你们的喜爱是我前进的动力
573,[w:0-10]歌[w:0-10]喜欢[w:0-10][@you:call_you][w:0-10],你们的喜爱是我前进的动力
574,[w:0-10]歌[w:0-10][@you:call_you][w:0-10]喜欢[w:0-10],你们的喜爱是我前进的动力
